-- Marca
DELETE FROM [dbo].[Marca];
SET IDENTITY_INSERT [dbo].[Marca] ON 
INSERT [dbo].[Marca] ([Id], [Nome]) VALUES (1, N'Toyota')
INSERT [dbo].[Marca] ([Id], [Nome]) VALUES (2, N'Volkswagen')
INSERT [dbo].[Marca] ([Id], [Nome]) VALUES (3, N'Ford')
INSERT [dbo].[Marca] ([Id], [Nome]) VALUES (4, N'Chevrolet')
INSERT [dbo].[Marca] ([Id], [Nome]) VALUES (5, N'Nissan')
INSERT [dbo].[Marca] ([Id], [Nome]) VALUES (6, N'Honda')
INSERT [dbo].[Marca] ([Id], [Nome]) VALUES (7, N'BMW')
INSERT [dbo].[Marca] ([Id], [Nome]) VALUES (8, N'Mercedes-Benz')
INSERT [dbo].[Marca] ([Id], [Nome]) VALUES (9, N'Audi')
INSERT [dbo].[Marca] ([Id], [Nome]) VALUES (10, N'Hyundai')
SET IDENTITY_INSERT [dbo].[Marca] OFF

-- Modelo
DELETE FROM [dbo].[Modelo];
SET IDENTITY_INSERT [dbo].[Modelo] ON 
INSERT [dbo].[Modelo] ([Id], [Nome], [MarcaId]) VALUES (1, N'Corolla', 1)
INSERT [dbo].[Modelo] ([Id], [Nome], [MarcaId]) VALUES (2, N'Camry', 1)
INSERT [dbo].[Modelo] ([Id], [Nome], [MarcaId]) VALUES (3, N'RAV4', 1)
INSERT [dbo].[Modelo] ([Id], [Nome], [MarcaId]) VALUES (4, N'Highlander', 1)
INSERT [dbo].[Modelo] ([Id], [Nome], [MarcaId]) VALUES (5, N'Prius', 1)
INSERT [dbo].[Modelo] ([Id], [Nome], [MarcaId]) VALUES (6, N'Golf', 2)
INSERT [dbo].[Modelo] ([Id], [Nome], [MarcaId]) VALUES (7, N'Jetta', 2)
INSERT [dbo].[Modelo] ([Id], [Nome], [MarcaId]) VALUES (8, N'Passat', 2)
INSERT [dbo].[Modelo] ([Id], [Nome], [MarcaId]) VALUES (9, N'Tiguan', 2)
INSERT [dbo].[Modelo] ([Id], [Nome], [MarcaId]) VALUES (10, N'Polo', 2)
INSERT [dbo].[Modelo] ([Id], [Nome], [MarcaId]) VALUES (11, N'Focus', 3)
INSERT [dbo].[Modelo] ([Id], [Nome], [MarcaId]) VALUES (12, N'Fusion', 3)
INSERT [dbo].[Modelo] ([Id], [Nome], [MarcaId]) VALUES (13, N'Mustang', 3)
INSERT [dbo].[Modelo] ([Id], [Nome], [MarcaId]) VALUES (14, N'Escape', 3)
INSERT [dbo].[Modelo] ([Id], [Nome], [MarcaId]) VALUES (15, N'Explorer', 3)
INSERT [dbo].[Modelo] ([Id], [Nome], [MarcaId]) VALUES (16, N'Cruze', 4)
INSERT [dbo].[Modelo] ([Id], [Nome], [MarcaId]) VALUES (17, N'Malibu', 4)
INSERT [dbo].[Modelo] ([Id], [Nome], [MarcaId]) VALUES (18, N'Impala', 4)
INSERT [dbo].[Modelo] ([Id], [Nome], [MarcaId]) VALUES (19, N'Equinox', 4)
INSERT [dbo].[Modelo] ([Id], [Nome], [MarcaId]) VALUES (20, N'Traverse', 4)
INSERT [dbo].[Modelo] ([Id], [Nome], [MarcaId]) VALUES (21, N'Altima', 5)
INSERT [dbo].[Modelo] ([Id], [Nome], [MarcaId]) VALUES (22, N'Maxima', 5)
INSERT [dbo].[Modelo] ([Id], [Nome], [MarcaId]) VALUES (23, N'Sentra', 5)
INSERT [dbo].[Modelo] ([Id], [Nome], [MarcaId]) VALUES (24, N'Rogue', 5)
INSERT [dbo].[Modelo] ([Id], [Nome], [MarcaId]) VALUES (25, N'Murano', 5)
INSERT [dbo].[Modelo] ([Id], [Nome], [MarcaId]) VALUES (26, N'Civic', 6)
INSERT [dbo].[Modelo] ([Id], [Nome], [MarcaId]) VALUES (27, N'Accord', 6)
INSERT [dbo].[Modelo] ([Id], [Nome], [MarcaId]) VALUES (28, N'CR-V', 6)
INSERT [dbo].[Modelo] ([Id], [Nome], [MarcaId]) VALUES (29, N'Pilot', 6)
INSERT [dbo].[Modelo] ([Id], [Nome], [MarcaId]) VALUES (30, N'Odyssey', 6)
INSERT [dbo].[Modelo] ([Id], [Nome], [MarcaId]) VALUES (31, N'3 Series', 7)
INSERT [dbo].[Modelo] ([Id], [Nome], [MarcaId]) VALUES (32, N'5 Series', 7)
INSERT [dbo].[Modelo] ([Id], [Nome], [MarcaId]) VALUES (33, N'X3', 7)
INSERT [dbo].[Modelo] ([Id], [Nome], [MarcaId]) VALUES (34, N'X5', 7)
INSERT [dbo].[Modelo] ([Id], [Nome], [MarcaId]) VALUES (35, N'7 Series', 7)
INSERT [dbo].[Modelo] ([Id], [Nome], [MarcaId]) VALUES (36, N'C-Class', 8)
INSERT [dbo].[Modelo] ([Id], [Nome], [MarcaId]) VALUES (37, N'E-Class', 8)
INSERT [dbo].[Modelo] ([Id], [Nome], [MarcaId]) VALUES (38, N'GLC', 8)
INSERT [dbo].[Modelo] ([Id], [Nome], [MarcaId]) VALUES (39, N'GLE', 8)
INSERT [dbo].[Modelo] ([Id], [Nome], [MarcaId]) VALUES (40, N'S-Class', 8)
INSERT [dbo].[Modelo] ([Id], [Nome], [MarcaId]) VALUES (41, N'A3', 9)
INSERT [dbo].[Modelo] ([Id], [Nome], [MarcaId]) VALUES (42, N'A4', 9)
INSERT [dbo].[Modelo] ([Id], [Nome], [MarcaId]) VALUES (43, N'Q5', 9)
INSERT [dbo].[Modelo] ([Id], [Nome], [MarcaId]) VALUES (44, N'Q7', 9)
INSERT [dbo].[Modelo] ([Id], [Nome], [MarcaId]) VALUES (45, N'R8', 9)
INSERT [dbo].[Modelo] ([Id], [Nome], [MarcaId]) VALUES (46, N'Elantra', 10)
INSERT [dbo].[Modelo] ([Id], [Nome], [MarcaId]) VALUES (47, N'Sonata', 10)
INSERT [dbo].[Modelo] ([Id], [Nome], [MarcaId]) VALUES (48, N'Tucson', 10)
INSERT [dbo].[Modelo] ([Id], [Nome], [MarcaId]) VALUES (49, N'Santa Fe', 10)
INSERT [dbo].[Modelo] ([Id], [Nome], [MarcaId]) VALUES (50, N'Kona', 10)
SET IDENTITY_INSERT [dbo].[Modelo] OFF

-- Carro
DELETE FROM [dbo].[Carro];
SET IDENTITY_INSERT [dbo].[Carro] ON 
INSERT [dbo].[Carro] ([Id], [Ano], [Cor], [Kilometragem], [MarcaId], [ModeloId], [Placa], [Preco]) VALUES (1, 1994, N'amarelo', 0, 1, 1, N'CHQ6501', 28339)
INSERT [dbo].[Carro] ([Id], [Ano], [Cor], [Kilometragem], [MarcaId], [ModeloId], [Placa], [Preco]) VALUES (2, 2000, N'preto', 0, 1, 2, N'MCU9545', 62947)
INSERT [dbo].[Carro] ([Id], [Ano], [Cor], [Kilometragem], [MarcaId], [ModeloId], [Placa], [Preco]) VALUES (3, 1986, N'amarelo', 0, 1, 3, N'WUZ4280', 120296)
INSERT [dbo].[Carro] ([Id], [Ano], [Cor], [Kilometragem], [MarcaId], [ModeloId], [Placa], [Preco]) VALUES (4, 1993, N'branco', 0, 1, 4, N'WUZ4280', 147820)
INSERT [dbo].[Carro] ([Id], [Ano], [Cor], [Kilometragem], [MarcaId], [ModeloId], [Placa], [Preco]) VALUES (5, 2013, N'vermelho', 0, 1, 5, N'WUZ4280', 13655)
INSERT [dbo].[Carro] ([Id], [Ano], [Cor], [Kilometragem], [MarcaId], [ModeloId], [Placa], [Preco]) VALUES (6, 1990, N'cinza', 0, 2, 6, N'WUZ4280', 103384)
INSERT [dbo].[Carro] ([Id], [Ano], [Cor], [Kilometragem], [MarcaId], [ModeloId], [Placa], [Preco]) VALUES (7, 2022, N'cinza', 0, 2, 7, N'WUZ4280', 157082)
INSERT [dbo].[Carro] ([Id], [Ano], [Cor], [Kilometragem], [MarcaId], [ModeloId], [Placa], [Preco]) VALUES (8, 2012, N'vermelho', 0, 2, 8, N'FME8016', 34768)
INSERT [dbo].[Carro] ([Id], [Ano], [Cor], [Kilometragem], [MarcaId], [ModeloId], [Placa], [Preco]) VALUES (9, 2001, N'branco', 0, 2, 9, N'FME8016', 56587)
INSERT [dbo].[Carro] ([Id], [Ano], [Cor], [Kilometragem], [MarcaId], [ModeloId], [Placa], [Preco]) VALUES (10, 2022, N'preto', 0, 2, 10, N'FME8016', 187264)
INSERT [dbo].[Carro] ([Id], [Ano], [Cor], [Kilometragem], [MarcaId], [ModeloId], [Placa], [Preco]) VALUES (11, 1986, N'branco', 0, 3, 11, N'FME8016', 161557)
INSERT [dbo].[Carro] ([Id], [Ano], [Cor], [Kilometragem], [MarcaId], [ModeloId], [Placa], [Preco]) VALUES (12, 2017, N'amarelo', 0, 3, 12, N'FME8016', 90272)
INSERT [dbo].[Carro] ([Id], [Ano], [Cor], [Kilometragem], [MarcaId], [ModeloId], [Placa], [Preco]) VALUES (13, 2001, N'cinza', 0, 3, 13, N'BWQ9831', 33252)
INSERT [dbo].[Carro] ([Id], [Ano], [Cor], [Kilometragem], [MarcaId], [ModeloId], [Placa], [Preco]) VALUES (14, 1985, N'cinza', 0, 3, 14, N'BWQ9831', 13789)
INSERT [dbo].[Carro] ([Id], [Ano], [Cor], [Kilometragem], [MarcaId], [ModeloId], [Placa], [Preco]) VALUES (15, 2022, N'amarelo', 0, 3, 15, N'BWQ9831', 24061)
INSERT [dbo].[Carro] ([Id], [Ano], [Cor], [Kilometragem], [MarcaId], [ModeloId], [Placa], [Preco]) VALUES (16, 2007, N'cinza', 0, 4, 16, N'BWQ9831', 142769)
INSERT [dbo].[Carro] ([Id], [Ano], [Cor], [Kilometragem], [MarcaId], [ModeloId], [Placa], [Preco]) VALUES (17, 2020, N'cinza', 0, 4, 17, N'BWQ9831', 73542)
INSERT [dbo].[Carro] ([Id], [Ano], [Cor], [Kilometragem], [MarcaId], [ModeloId], [Placa], [Preco]) VALUES (18, 2022, N'branco', 0, 4, 18, N'KOV4567', 181745)
INSERT [dbo].[Carro] ([Id], [Ano], [Cor], [Kilometragem], [MarcaId], [ModeloId], [Placa], [Preco]) VALUES (19, 1986, N'preto', 0, 4, 19, N'KOV4567', 115763)
INSERT [dbo].[Carro] ([Id], [Ano], [Cor], [Kilometragem], [MarcaId], [ModeloId], [Placa], [Preco]) VALUES (20, 2021, N'amarelo', 0, 4, 20, N'KOV4567', 102442)
INSERT [dbo].[Carro] ([Id], [Ano], [Cor], [Kilometragem], [MarcaId], [ModeloId], [Placa], [Preco]) VALUES (21, 1986, N'branco', 0, 5, 21, N'KOV4567', 87810)
INSERT [dbo].[Carro] ([Id], [Ano], [Cor], [Kilometragem], [MarcaId], [ModeloId], [Placa], [Preco]) VALUES (22, 2010, N'branco', 0, 5, 22, N'UGA8303', 180445)
INSERT [dbo].[Carro] ([Id], [Ano], [Cor], [Kilometragem], [MarcaId], [ModeloId], [Placa], [Preco]) VALUES (23, 2020, N'amarelo', 0, 5, 23, N'UGA8303', 97283)
INSERT [dbo].[Carro] ([Id], [Ano], [Cor], [Kilometragem], [MarcaId], [ModeloId], [Placa], [Preco]) VALUES (24, 2008, N'cinza', 0, 5, 24, N'UGA8303', 7035)
INSERT [dbo].[Carro] ([Id], [Ano], [Cor], [Kilometragem], [MarcaId], [ModeloId], [Placa], [Preco]) VALUES (25, 1998, N'amarelo', 0, 5, 25, N'UGA8303', 181438)
INSERT [dbo].[Carro] ([Id], [Ano], [Cor], [Kilometragem], [MarcaId], [ModeloId], [Placa], [Preco]) VALUES (26, 2012, N'cinza', 0, 6, 26, N'UGA8303', 84009)
INSERT [dbo].[Carro] ([Id], [Ano], [Cor], [Kilometragem], [MarcaId], [ModeloId], [Placa], [Preco]) VALUES (27, 1987, N'amarelo', 0, 6, 27, N'UGA8303', 48450)
INSERT [dbo].[Carro] ([Id], [Ano], [Cor], [Kilometragem], [MarcaId], [ModeloId], [Placa], [Preco]) VALUES (28, 2006, N'branco', 0, 6, 28, N'UGA8303', 188849)
INSERT [dbo].[Carro] ([Id], [Ano], [Cor], [Kilometragem], [MarcaId], [ModeloId], [Placa], [Preco]) VALUES (29, 2006, N'branco', 0, 6, 29, N'PRM1117', 6346)
INSERT [dbo].[Carro] ([Id], [Ano], [Cor], [Kilometragem], [MarcaId], [ModeloId], [Placa], [Preco]) VALUES (30, 2019, N'amarelo', 0, 6, 30, N'PRM1117', 63066)
INSERT [dbo].[Carro] ([Id], [Ano], [Cor], [Kilometragem], [MarcaId], [ModeloId], [Placa], [Preco]) VALUES (31, 2018, N'preto', 0, 7, 31, N'PRM1117', 155468)
INSERT [dbo].[Carro] ([Id], [Ano], [Cor], [Kilometragem], [MarcaId], [ModeloId], [Placa], [Preco]) VALUES (32, 2009, N'amarelo', 0, 7, 32, N'PRM1117', 147418)
INSERT [dbo].[Carro] ([Id], [Ano], [Cor], [Kilometragem], [MarcaId], [ModeloId], [Placa], [Preco]) VALUES (33, 2008, N'vermelho', 0, 7, 33, N'ZJR4853', 140323)
INSERT [dbo].[Carro] ([Id], [Ano], [Cor], [Kilometragem], [MarcaId], [ModeloId], [Placa], [Preco]) VALUES (34, 1993, N'cinza', 0, 7, 34, N'ZJR4853', 179270)
INSERT [dbo].[Carro] ([Id], [Ano], [Cor], [Kilometragem], [MarcaId], [ModeloId], [Placa], [Preco]) VALUES (35, 1993, N'vermelho', 0, 7, 35, N'ZJR4853', 175053)
INSERT [dbo].[Carro] ([Id], [Ano], [Cor], [Kilometragem], [MarcaId], [ModeloId], [Placa], [Preco]) VALUES (36, 1997, N'cinza', 0, 8, 36, N'UTE6668', 29112)
INSERT [dbo].[Carro] ([Id], [Ano], [Cor], [Kilometragem], [MarcaId], [ModeloId], [Placa], [Preco]) VALUES (37, 1985, N'vermelho', 0, 8, 37, N'UTE6668', 162267)
INSERT [dbo].[Carro] ([Id], [Ano], [Cor], [Kilometragem], [MarcaId], [ModeloId], [Placa], [Preco]) VALUES (38, 1991, N'amarelo', 0, 8, 38, N'UTE6668', 28341)
INSERT [dbo].[Carro] ([Id], [Ano], [Cor], [Kilometragem], [MarcaId], [ModeloId], [Placa], [Preco]) VALUES (39, 1995, N'preto', 0, 8, 39, N'UTE6668', 3986)
INSERT [dbo].[Carro] ([Id], [Ano], [Cor], [Kilometragem], [MarcaId], [ModeloId], [Placa], [Preco]) VALUES (40, 2003, N'branco', 0, 8, 40, N'ELI1404', 25090)
INSERT [dbo].[Carro] ([Id], [Ano], [Cor], [Kilometragem], [MarcaId], [ModeloId], [Placa], [Preco]) VALUES (41, 2018, N'branco', 0, 9, 41, N'ELI1404', 12826)
INSERT [dbo].[Carro] ([Id], [Ano], [Cor], [Kilometragem], [MarcaId], [ModeloId], [Placa], [Preco]) VALUES (42, 1991, N'cinza', 0, 9, 42, N'ELI1404', 56292)
INSERT [dbo].[Carro] ([Id], [Ano], [Cor], [Kilometragem], [MarcaId], [ModeloId], [Placa], [Preco]) VALUES (43, 1994, N'cinza', 0, 9, 43, N'ELI1404', 198543)
INSERT [dbo].[Carro] ([Id], [Ano], [Cor], [Kilometragem], [MarcaId], [ModeloId], [Placa], [Preco]) VALUES (44, 1991, N'branco', 0, 9, 44, N'ELI1404', 78871)
INSERT [dbo].[Carro] ([Id], [Ano], [Cor], [Kilometragem], [MarcaId], [ModeloId], [Placa], [Preco]) VALUES (45, 2012, N'amarelo', 0, 9, 45, N'NEN5140', 33279)
INSERT [dbo].[Carro] ([Id], [Ano], [Cor], [Kilometragem], [MarcaId], [ModeloId], [Placa], [Preco]) VALUES (46, 1998, N'vermelho', 0, 10, 46, N'NEN5140', 143179)
INSERT [dbo].[Carro] ([Id], [Ano], [Cor], [Kilometragem], [MarcaId], [ModeloId], [Placa], [Preco]) VALUES (47, 1987, N'vermelho', 0, 10, 47, N'NEN5140', 85302)
INSERT [dbo].[Carro] ([Id], [Ano], [Cor], [Kilometragem], [MarcaId], [ModeloId], [Placa], [Preco]) VALUES (48, 2018, N'amarelo', 0, 10, 48, N'JOA6954', 96636)
INSERT [dbo].[Carro] ([Id], [Ano], [Cor], [Kilometragem], [MarcaId], [ModeloId], [Placa], [Preco]) VALUES (49, 2004, N'cinza', 0, 10, 49, N'JOA6954', 108123)
INSERT [dbo].[Carro] ([Id], [Ano], [Cor], [Kilometragem], [MarcaId], [ModeloId], [Placa], [Preco]) VALUES (50, 2009, N'vermelho', 0, 10, 50, N'JOA6954', 102586)
SET IDENTITY_INSERT [dbo].[Carro] OFF 


-- Opcional
DELETE FROM [dbo].[Opcional];
SET IDENTITY_INSERT [dbo].[Opcional] ON 
INSERT [dbo].[Opcional] ([Id], [Nome], [Descricao]) VALUES (1, N'Ar-condicionado', N'Sistema de ar-condicionado para o conforto dos ocupantes.')
INSERT [dbo].[Opcional] ([Id], [Nome], [Descricao]) VALUES (2, N'Sistema de navegação GPS', N'Sistema de navegação por satélite integrado ao carro.')
INSERT [dbo].[Opcional] ([Id], [Nome], [Descricao]) VALUES (3, N'Teto solar', N'Teto do carro com painel de vidro retrátil.')
INSERT [dbo].[Opcional] ([Id], [Nome], [Descricao]) VALUES (4, N'Bancos de couro', N'Bancos revestidos em couro de alta qualidade.')
INSERT [dbo].[Opcional] ([Id], [Nome], [Descricao]) VALUES (5, N'Câmera de ré', N'Câmera traseira para auxiliar nas manobras de estacionamento.')
INSERT [dbo].[Opcional] ([Id], [Nome], [Descricao]) VALUES (6, N'Sensor de estacionamento', N'Sensores que detectam a proximidade de obstáculos ao estacionar.')
INSERT [dbo].[Opcional] ([Id], [Nome], [Descricao]) VALUES (7, N'Faróis de LED', N'Faróis com tecnologia LED para melhor iluminação e durabilidade.')
INSERT [dbo].[Opcional] ([Id], [Nome], [Descricao]) VALUES (8, N'Sistema de som premium', N'Sistema de som de alta qualidade com alto-falantes adicionais.')
INSERT [dbo].[Opcional] ([Id], [Nome], [Descricao]) VALUES (9, N'Rodas de liga leve', N'Rodas fabricadas em liga leve, mais leves e esteticamente atraentes.')
INSERT [dbo].[Opcional] ([Id], [Nome], [Descricao]) VALUES (10, N'Controle de estabilidade', N'Sistema que ajuda a manter o carro estável em curvas e manobras bruscas.')
INSERT [dbo].[Opcional] ([Id], [Nome], [Descricao]) VALUES (11, N'Piloto automático', N'Sistema que mantém a velocidade e distância definidas pelo motorista.')
INSERT [dbo].[Opcional] ([Id], [Nome], [Descricao]) VALUES (12, N'Sistema de freios ABS', N'Sistema de freios anti-travamento para maior segurança.')
INSERT [dbo].[Opcional] ([Id], [Nome], [Descricao]) VALUES (13, N'Airbags laterais', N'Airbags adicionais localizados nos lados do carro para proteção em caso de colisão.')
INSERT [dbo].[Opcional] ([Id], [Nome], [Descricao]) VALUES (14, N'Retrovisores elétricos', N'Retrovisores ajustáveis eletricamente.')
INSERT [dbo].[Opcional] ([Id], [Nome], [Descricao]) VALUES (15, N'Central multimídia', N'Sistema que combina funções de entretenimento, navegação e conectividade.')
SET IDENTITY_INSERT [dbo].[Opcional] OFF

DELETE FROM [dbo].[Imagem];
SET IDENTITY_INSERT [dbo].[Imagem] ON 
INSERT [dbo].[Imagem] ([Id], [Url], [CarroId]) VALUES (1, N'https://forbes.com.br/wp-content/uploads/2020/08/Neg%C3%B3cios-CarrosdeLuxo-180820-Divulga%C3%A7%C3%A3o9-1-768x512.jpg', 1)
INSERT [dbo].[Imagem] ([Id], [Url], [CarroId]) VALUES (2, N'https://firebasestorage.googleapis.com/v0/b/skydreamtur-fcdd8.appspot.com/o/temp%2Fcarro003.jpeg?alt=media&token=ff257559-de60-4c74-b8c0-228265fc826e&_gl=1*q59b67*_ga*MTY2MjMyNzIyMy4xNjg2NDk2Nzk1*_ga_CW55HF8NVT*MTY4NjUyODUyMC4yLjEuMTY4NjUyODg0Mi4wLjAuMA..', 1)
INSERT [dbo].[Imagem] ([Id], [Url], [CarroId]) VALUES (3, N'https://firebasestorage.googleapis.com/v0/b/skydreamtur-fcdd8.appspot.com/o/temp%2Fcarro003.jpeg?alt=media&token=ff257559-de60-4c74-b8c0-228265fc826e&_gl=1*q59b67*_ga*MTY2MjMyNzIyMy4xNjg2NDk2Nzk1*_ga_CW55HF8NVT*MTY4NjUyODUyMC4yLjEuMTY4NjUyODg0Mi4wLjAuMA..', 1)
INSERT [dbo].[Imagem] ([Id], [Url], [CarroId]) VALUES (4, N'https://firebasestorage.googleapis.com/v0/b/skydreamtur-fcdd8.appspot.com/o/temp%2Fcarro003.jpeg?alt=media&token=ff257559-de60-4c74-b8c0-228265fc826e&_gl=1*q59b67*_ga*MTY2MjMyNzIyMy4xNjg2NDk2Nzk1*_ga_CW55HF8NVT*MTY4NjUyODUyMC4yLjEuMTY4NjUyODg0Mi4wLjAuMA..', 1)
INSERT [dbo].[Imagem] ([Id], [Url], [CarroId]) VALUES (5, N'https://firebasestorage.googleapis.com/v0/b/skydreamtur-fcdd8.appspot.com/o/temp%2Fcarro003.jpeg?alt=media&token=ff257559-de60-4c74-b8c0-228265fc826e&_gl=1*q59b67*_ga*MTY2MjMyNzIyMy4xNjg2NDk2Nzk1*_ga_CW55HF8NVT*MTY4NjUyODUyMC4yLjEuMTY4NjUyODg0Mi4wLjAuMA..', 1)
INSERT [dbo].[Imagem] ([Id], [Url], [CarroId]) VALUES (6, N'https://firebasestorage.googleapis.com/v0/b/skydreamtur-fcdd8.appspot.com/o/temp%2Fcarro003.jpeg?alt=media&token=ff257559-de60-4c74-b8c0-228265fc826e&_gl=1*q59b67*_ga*MTY2MjMyNzIyMy4xNjg2NDk2Nzk1*_ga_CW55HF8NVT*MTY4NjUyODUyMC4yLjEuMTY4NjUyODg0Mi4wLjAuMA..', 1)
INSERT [dbo].[Imagem] ([Id], [Url], [CarroId]) VALUES (7, N'https://firebasestorage.googleapis.com/v0/b/skydreamtur-fcdd8.appspot.com/o/temp%2Fcarro002.jpeg?alt=media&token=3b1402e0-2302-4545-96a7-9c17232705ba&_gl=1*1yqliuk*_ga*MTY2MjMyNzIyMy4xNjg2NDk2Nzk1*_ga_CW55HF8NVT*MTY4NjUyODUyMC4yLjEuMTY4NjUyODczNS4wLjAuMA..', 2)
INSERT [dbo].[Imagem] ([Id], [Url], [CarroId]) VALUES (8, N'https://firebasestorage.googleapis.com/v0/b/skydreamtur-fcdd8.appspot.com/o/temp%2Fcarro002.jpeg?alt=media&token=3b1402e0-2302-4545-96a7-9c17232705ba&_gl=1*1yqliuk*_ga*MTY2MjMyNzIyMy4xNjg2NDk2Nzk1*_ga_CW55HF8NVT*MTY4NjUyODUyMC4yLjEuMTY4NjUyODczNS4wLjAuMA..', 2)
INSERT [dbo].[Imagem] ([Id], [Url], [CarroId]) VALUES (9, N'https://firebasestorage.googleapis.com/v0/b/skydreamtur-fcdd8.appspot.com/o/temp%2Fcarro002.jpeg?alt=media&token=3b1402e0-2302-4545-96a7-9c17232705ba&_gl=1*1yqliuk*_ga*MTY2MjMyNzIyMy4xNjg2NDk2Nzk1*_ga_CW55HF8NVT*MTY4NjUyODUyMC4yLjEuMTY4NjUyODczNS4wLjAuMA..', 2)
SET IDENTITY_INSERT [dbo].[Imagem] OFF

DELETE FROM [dbo].[CarroOpcional];
INSERT [dbo].[CarroOpcional] ([CarroId], [OpcionalId]) VALUES (10, 1)
INSERT [dbo].[CarroOpcional] ([CarroId], [OpcionalId]) VALUES (4, 2)
INSERT [dbo].[CarroOpcional] ([CarroId], [OpcionalId]) VALUES (5, 2)
INSERT [dbo].[CarroOpcional] ([CarroId], [OpcionalId]) VALUES (50, 2)
INSERT [dbo].[CarroOpcional] ([CarroId], [OpcionalId]) VALUES (5, 3)
INSERT [dbo].[CarroOpcional] ([CarroId], [OpcionalId]) VALUES (22, 3)
INSERT [dbo].[CarroOpcional] ([CarroId], [OpcionalId]) VALUES (5, 4)
INSERT [dbo].[CarroOpcional] ([CarroId], [OpcionalId]) VALUES (1, 5)
INSERT [dbo].[CarroOpcional] ([CarroId], [OpcionalId]) VALUES (2, 5)
INSERT [dbo].[CarroOpcional] ([CarroId], [OpcionalId]) VALUES (4, 5)
INSERT [dbo].[CarroOpcional] ([CarroId], [OpcionalId]) VALUES (5, 5)
INSERT [dbo].[CarroOpcional] ([CarroId], [OpcionalId]) VALUES (8, 5)
INSERT [dbo].[CarroOpcional] ([CarroId], [OpcionalId]) VALUES (4, 6)
INSERT [dbo].[CarroOpcional] ([CarroId], [OpcionalId]) VALUES (6, 7)
INSERT [dbo].[CarroOpcional] ([CarroId], [OpcionalId]) VALUES (2, 10)
INSERT [dbo].[CarroOpcional] ([CarroId], [OpcionalId]) VALUES (4, 10)
INSERT [dbo].[CarroOpcional] ([CarroId], [OpcionalId]) VALUES (1, 12)
INSERT [dbo].[CarroOpcional] ([CarroId], [OpcionalId]) VALUES (4, 13)
INSERT [dbo].[CarroOpcional] ([CarroId], [OpcionalId]) VALUES (1, 14)
INSERT [dbo].[CarroOpcional] ([CarroId], [OpcionalId]) VALUES (1, 15)
INSERT [dbo].[CarroOpcional] ([CarroId], [OpcionalId]) VALUES (3, 15)